{
    "ImagOut": [
        34.0791130065918,
        -12.86484432220459,
        24.66750144958496,
        -11.277060508728027
    ],
    "RealOut": [
        46.53410720825195,
        -15.651726722717285,
        6.46807861328125,
        -8.634577751159668
    ]
}
